experiment_family,benchmark,variant,representation_group,build_status,run_status,source_bytes,source_loc,source_ops,source_ops_structural,source_func_defs,source_block_args,source_alloc_ops,source_reinterpret_cast_ops,source_subview_ops,source_extract_strided_metadata_ops,source_memref_load_ops,source_memref_store_ops,source_dmemref_load_ops,source_dmemref_store_ops,lowered_func_defs,lowered_ops,lowered_ops_structural,lowered_mlir_lines,llvm_ir_lines,llvm_call_count,compile_ms,result,expected_result,runtime_ns_per_iter,notes,source_helper_defs,bvar_refs,value_ssa_refs,opt_llvm_lines,opt_llvm_call_count,kernel,size,route,parse_time_ms,verification_time_ms,lowering_time_ms,compile_total_ms,runtime_median_ns_per_iter,runtime_iqr_ns_per_iter,benchmark_repetitions,checksum,checksum_status,compiler_flags,git_commit,date,machine_id,env_path,raw_timings_path
strided_matmul_benchmark,matmul_strided,mlir_baseline,mlir_baseline,ok,ok,1566,50,10,18,1,16,0,3,0,0,2,1,0,0,2,104,119,132,138,1,75.48,128.0,128.0,602313.10,upstream MLIR dynamic baseline with memref.reinterpret_cast; timed region includes output reset plus kernel execution,0,0,0,NA,NA,gemm,n=128;m=128;k=128,mlir_baseline,NA,8.99,8.89,17.9,602313.10,2910.62,15,128.0,ok,-O2,b3d15950d589ba2f2f5ee880cf5f459595ebd061,2026-05-04T11:29:50Z,38b48a70ce5b4c89b517a30fac02bbc2,/home/dominic/dev/scair/experiments/strided_matmul_benchmark/out/env.json,/home/dominic/dev/scair/experiments/strided_matmul_benchmark/out/matmul_mlir_baseline_128_128_128_output.timings.txt
strided_matmul_benchmark,matmul_strided,scair_baseline,scair_baseline,ok,ok,2229,48,12,17,1,16,0,3,0,0,2,1,0,0,1,80,82,93,103,0,751.83,128.0,128.0,605208.07,ScaIR dynamic baseline lowered through lower-dynamic-memref-to-llvm-baseline; timed region includes output reset plus kernel execution,0,0,0,NA,NA,gemm,n=128;m=128;k=128,scair_baseline,NA,534.27,683.94,1218.24,605208.07,3325.10,15,128.0,ok,-O2,b3d15950d589ba2f2f5ee880cf5f459595ebd061,2026-05-04T11:29:50Z,38b48a70ce5b4c89b517a30fac02bbc2,/home/dominic/dev/scair/experiments/strided_matmul_benchmark/out/env.json,/home/dominic/dev/scair/experiments/strided_matmul_benchmark/out/matmul_scair_baseline_128_128_128_output.timings.txt
strided_matmul_benchmark,matmul_strided,scair_dmemref,value_dependent,ok,ok,2384,51,14,22,1,16,0,3,0,0,0,0,2,1,1,43,45,56,70,0,779.96,128.0,128.0,605897.75,ScaIR dependent d_memref route with refined reinterpret-cast views; timed region includes output reset plus kernel execution,0,0,0,NA,NA,gemm,n=128;m=128;k=128,scair_dmemref,NA,534.95,691.83,1226.8,605897.75,1238.41,15,128.0,ok,-O2,b3d15950d589ba2f2f5ee880cf5f459595ebd061,2026-05-04T11:29:50Z,38b48a70ce5b4c89b517a30fac02bbc2,/home/dominic/dev/scair/experiments/strided_matmul_benchmark/out/env.json,/home/dominic/dev/scair/experiments/strided_matmul_benchmark/out/matmul_scair_dmemref_128_128_128_output.timings.txt
strided_matmul_benchmark,matmul_strided,mlir_baseline,mlir_baseline,ok,ok,1566,50,10,18,1,16,0,3,0,0,2,1,0,0,2,104,119,132,138,1,75.48,256.0,256.0,5288918.93,upstream MLIR dynamic baseline with memref.reinterpret_cast; timed region includes output reset plus kernel execution,0,0,0,NA,NA,gemm,n=256;m=256;k=256,mlir_baseline,NA,8.99,8.89,17.9,5288918.93,128520.92,15,256.0,ok,-O2,b3d15950d589ba2f2f5ee880cf5f459595ebd061,2026-05-04T11:29:50Z,38b48a70ce5b4c89b517a30fac02bbc2,/home/dominic/dev/scair/experiments/strided_matmul_benchmark/out/env.json,/home/dominic/dev/scair/experiments/strided_matmul_benchmark/out/matmul_mlir_baseline_256_256_256_output.timings.txt
strided_matmul_benchmark,matmul_strided,scair_baseline,scair_baseline,ok,ok,2229,48,12,17,1,16,0,3,0,0,2,1,0,0,1,80,82,93,103,0,751.83,256.0,256.0,5521691.80,ScaIR dynamic baseline lowered through lower-dynamic-memref-to-llvm-baseline; timed region includes output reset plus kernel execution,0,0,0,NA,NA,gemm,n=256;m=256;k=256,scair_baseline,NA,534.27,683.94,1218.24,5521691.80,41015.77,15,256.0,ok,-O2,b3d15950d589ba2f2f5ee880cf5f459595ebd061,2026-05-04T11:29:50Z,38b48a70ce5b4c89b517a30fac02bbc2,/home/dominic/dev/scair/experiments/strided_matmul_benchmark/out/env.json,/home/dominic/dev/scair/experiments/strided_matmul_benchmark/out/matmul_scair_baseline_256_256_256_output.timings.txt
strided_matmul_benchmark,matmul_strided,scair_dmemref,value_dependent,ok,ok,2384,51,14,22,1,16,0,3,0,0,0,0,2,1,1,43,45,56,70,0,779.96,256.0,256.0,5459701.49,ScaIR dependent d_memref route with refined reinterpret-cast views; timed region includes output reset plus kernel execution,0,0,0,NA,NA,gemm,n=256;m=256;k=256,scair_dmemref,NA,534.95,691.83,1226.8,5459701.49,99458.83,15,256.0,ok,-O2,b3d15950d589ba2f2f5ee880cf5f459595ebd061,2026-05-04T11:29:50Z,38b48a70ce5b4c89b517a30fac02bbc2,/home/dominic/dev/scair/experiments/strided_matmul_benchmark/out/env.json,/home/dominic/dev/scair/experiments/strided_matmul_benchmark/out/matmul_scair_dmemref_256_256_256_output.timings.txt
strided_matmul_benchmark,matmul_strided,mlir_baseline,mlir_baseline,ok,ok,1566,50,10,18,1,16,0,3,0,0,2,1,0,0,2,104,119,132,138,1,75.48,512.0,512.0,52038960.76,upstream MLIR dynamic baseline with memref.reinterpret_cast; timed region includes output reset plus kernel execution,0,0,0,NA,NA,gemm,n=512;m=512;k=512,mlir_baseline,NA,8.99,8.89,17.9,52038960.76,904975.83,15,512.0,ok,-O2,b3d15950d589ba2f2f5ee880cf5f459595ebd061,2026-05-04T11:29:50Z,38b48a70ce5b4c89b517a30fac02bbc2,/home/dominic/dev/scair/experiments/strided_matmul_benchmark/out/env.json,/home/dominic/dev/scair/experiments/strided_matmul_benchmark/out/matmul_mlir_baseline_512_512_512_output.timings.txt
strided_matmul_benchmark,matmul_strided,scair_baseline,scair_baseline,ok,ok,2229,48,12,17,1,16,0,3,0,0,2,1,0,0,1,80,82,93,103,0,751.83,512.0,512.0,52783666.77,ScaIR dynamic baseline lowered through lower-dynamic-memref-to-llvm-baseline; timed region includes output reset plus kernel execution,0,0,0,NA,NA,gemm,n=512;m=512;k=512,scair_baseline,NA,534.27,683.94,1218.24,52783666.77,1168912.62,15,512.0,ok,-O2,b3d15950d589ba2f2f5ee880cf5f459595ebd061,2026-05-04T11:29:50Z,38b48a70ce5b4c89b517a30fac02bbc2,/home/dominic/dev/scair/experiments/strided_matmul_benchmark/out/env.json,/home/dominic/dev/scair/experiments/strided_matmul_benchmark/out/matmul_scair_baseline_512_512_512_output.timings.txt
strided_matmul_benchmark,matmul_strided,scair_dmemref,value_dependent,ok,ok,2384,51,14,22,1,16,0,3,0,0,0,0,2,1,1,43,45,56,70,0,779.96,512.0,512.0,53795376.59,ScaIR dependent d_memref route with refined reinterpret-cast views; timed region includes output reset plus kernel execution,0,0,0,NA,NA,gemm,n=512;m=512;k=512,scair_dmemref,NA,534.95,691.83,1226.8,53795376.59,327991.75,15,512.0,ok,-O2,b3d15950d589ba2f2f5ee880cf5f459595ebd061,2026-05-04T11:29:50Z,38b48a70ce5b4c89b517a30fac02bbc2,/home/dominic/dev/scair/experiments/strided_matmul_benchmark/out/env.json,/home/dominic/dev/scair/experiments/strided_matmul_benchmark/out/matmul_scair_dmemref_512_512_512_output.timings.txt
